Driver,Compound,FP2AvgPace,FP2BestPace,FP2DegRate,FP2LapCount,FP2AvgTyreLife,Year,RoundNumber,EventName,SessionSource
VER,MEDIUM,95.0029,93.726,0.0170484848484857,10.0,14.5,2024,2,Saudi Arabian Grand Prix,FP2
ZHO,MEDIUM,100.10381818181818,94.714,2.46589090909091,11.0,14.0,2024,2,Saudi Arabian Grand Prix,FP2
BOT,HARD,100.3458181818182,95.407,1.7772636363636372,11.0,13.0,2024,2,Saudi Arabian Grand Prix,FP2
GAS,MEDIUM,100.16272727272728,94.713,2.327227272727269,11.0,15.0,2024,2,Saudi Arabian Grand Prix,FP2
HUL,HARD,95.67188888888889,95.267,0.0759833333333337,9.0,14.0,2024,2,Saudi Arabian Grand Prix,FP2
LEC,SOFT,94.50875,93.886,-0.1281904761904733,8.0,10.5,2024,2,Saudi Arabian Grand Prix,FP2
MAG,SOFT,99.75441666666669,95.051,1.9277097902097904,12.0,12.5,2024,2,Saudi Arabian Grand Prix,FP2
NOR,HARD,100.12916666666666,94.179,4.596314285714292,6.0,9.5,2024,2,Saudi Arabian Grand Prix,FP2
OCO,MEDIUM,100.3244,94.899,2.6730666666666645,10.0,13.5,2024,2,Saudi Arabian Grand Prix,FP2
PER,MEDIUM,94.5362,94.012,-0.0113642857142882,15.0,15.0,2024,2,Saudi Arabian Grand Prix,FP2
PIA,MEDIUM,95.15585714285714,94.414,0.1864642857142837,7.0,13.0,2024,2,Saudi Arabian Grand Prix,FP2
RIC,SOFT,99.75181818181818,94.682,2.299481818181818,11.0,13.0,2024,2,Saudi Arabian Grand Prix,FP2
SAI,MEDIUM,101.958125,94.12,4.330988095238096,8.0,12.5,2024,2,Saudi Arabian Grand Prix,FP2
SAR,MEDIUM,96.9384,95.213,-0.2428121212121187,10.0,13.5,2024,2,Saudi Arabian Grand Prix,FP2
STR,MEDIUM,95.32666666666664,94.667,0.1198000000000012,9.0,13.0,2024,2,Saudi Arabian Grand Prix,FP2
TSU,SOFT,98.244,95.179,1.052000000000001,13.0,13.0,2024,2,Saudi Arabian Grand Prix,FP2
ALB,HARD,98.4856153846154,94.53,1.3945989010989013,13.0,15.0,2024,2,Saudi Arabian Grand Prix,FP2
ALO,MEDIUM,97.57292307692306,94.506,1.0693021978021982,13.0,15.0,2024,2,Saudi Arabian Grand Prix,FP2
ALO,MEDIUM,84.49538461538462,83.348,-0.0283516483516483,13.0,13.0,2024,3,Australian Grand Prix,FP2
TSU,MEDIUM,97.869625,79.185,-1.2292873684210506,16.0,11.75,2024,3,Australian Grand Prix,FP2
ZHO,MEDIUM,92.5987894736842,79.423,-0.0524844037998008,19.0,13.36842105263158,2024,3,Australian Grand Prix,FP2
MAG,MEDIUM,88.23414285714287,83.84,1.24561758241758,14.0,16.5,2024,3,Australian Grand Prix,FP2
NOR,MEDIUM,88.60455555555556,82.842,3.2312833333333315,9.0,12.0,2024,3,Australian Grand Prix,FP2
OCO,MEDIUM,89.57711764705883,79.158,-1.1066103346039842,17.0,12.294117647058824,2024,3,Australian Grand Prix,FP2
OCO,SOFT,93.493,78.705,-0.5217142857142854,6.0,5.5,2024,3,Australian Grand Prix,FP2
PER,MEDIUM,83.9897,82.596,0.140624242424243,10.0,14.5,2024,3,Australian Grand Prix,FP2
PER,SOFT,106.1365,78.09,-7.959114285714295,6.0,5.5,2024,3,Australian Grand Prix,FP2
PIA,MEDIUM,83.1925,82.319,0.1379510489510495,12.0,12.5,2024,3,Australian Grand Prix,FP2
RIC,MEDIUM,93.54192857142856,79.21,-2.437296970980729,14.0,10.642857142857142,2024,3,Australian Grand Prix,FP2
RUS,MEDIUM,94.049,83.321,6.016238095238102,8.0,12.5,2024,3,Australian Grand Prix,FP2
SAI,MEDIUM,90.3049,82.667,3.6018606060606038,10.0,13.5,2024,3,Australian Grand Prix,FP2
STR,MEDIUM,84.96627272727272,82.842,0.7236363636363663,11.0,12.0,2024,3,Australian Grand Prix,FP2
BOT,MEDIUM,89.67875000000001,79.334,-0.1387744175100027,20.0,13.9,2024,3,Australian Grand Prix,FP2
GAS,MEDIUM,90.0734705882353,78.911,-1.0950648263027296,17.0,12.058823529411764,2024,3,Australian Grand Prix,FP2
HAM,MEDIUM,100.16816666666666,78.861,-1.275171428571432,6.0,5.5,2024,3,Australian Grand Prix,FP2
HUL,MEDIUM,84.4541,84.016,0.0707090909090922,10.0,12.5,2024,3,Australian Grand Prix,FP2
LEC,MEDIUM,95.68833333333332,77.936,-1.0179796222664053,15.0,11.2,2024,3,Australian Grand Prix,FP2
PIA,MEDIUM,102.32605555555557,101.107,0.0781578947368446,18.0,13.5,2024,5,Chinese Grand Prix,Sprint
RUS,SOFT,102.27383333333333,101.505,0.03344169246645916,18.0,10.5,2024,5,Chinese Grand Prix,Sprint
RIC,MEDIUM,102.92994444444444,102.234,0.06554695562435993,18.0,13.5,2024,5,Chinese Grand Prix,Sprint
GAS,MEDIUM,102.98649999999999,102.017,0.04310319917440429,18.0,10.5,2024,5,Chinese Grand Prix,Sprint
BOT,MEDIUM,102.99872222222221,102.14,0.06676264189886433,18.0,14.5,2024,5,Chinese Grand Prix,Sprint
HUL,MEDIUM,103.55711111111111,102.315,0.10541589267286018,18.0,14.5,2024,5,Chinese Grand Prix,Sprint
HAM,MEDIUM,101.96877777777777,100.42,0.13035706914344478,18.0,10.5,2024,5,Chinese Grand Prix,Sprint
ALO,MEDIUM,101.94728571428571,100.537,0.16695384615384842,14.0,11.5,2024,5,Chinese Grand Prix,Sprint
ALB,MEDIUM,103.06927777777777,102.389,-0.0022549019607860563,18.0,16.5,2024,5,Chinese Grand Prix,Sprint
OCO,MEDIUM,102.95966666666665,102.191,0.041795665634670805,18.0,10.5,2024,5,Chinese Grand Prix,Sprint
NOR,MEDIUM,102.2298888888889,100.951,0.15330237358100973,18.0,10.5,2024,5,Chinese Grand Prix,Sprint
PER,MEDIUM,101.93516666666669,101.065,0.07607120743034175,18.0,13.5,2024,5,Chinese Grand Prix,Sprint
LEC,MEDIUM,102.02972222222222,101.003,0.09337564499484086,18.0,14.5,2024,5,Chinese Grand Prix,Sprint
MAG,MEDIUM,102.96394444444445,102.092,0.08216408668730725,18.0,14.5,2024,5,Chinese Grand Prix,Sprint
STR,MEDIUM,103.01166666666668,102.258,0.07491228070175875,18.0,13.5,2024,5,Chinese Grand Prix,Sprint
SAR,MEDIUM,103.2175,102.516,0.010514963880288625,18.0,16.5,2024,5,Chinese Grand Prix,Sprint
SAI,MEDIUM,102.27555555555557,100.962,0.16104850361197046,18.0,10.5,2024,5,Chinese Grand Prix,Sprint
ZHO,MEDIUM,102.69377777777778,101.502,0.07522187822497453,18.0,14.5,2024,5,Chinese Grand Prix,Sprint
VER,MEDIUM,101.15,100.331,0.02803095975232615,18.0,13.5,2024,5,Chinese Grand Prix,Sprint
TSU,MEDIUM,103.01983333333332,102.056,0.033761609907118094,18.0,10.5,2024,5,Chinese Grand Prix,Sprint
HUL,MEDIUM,92.303625,91.939,0.0024470588235274166,16.0,17.5,2024,6,Miami Grand Prix,Sprint
ZHO,MEDIUM,92.93787499999999,92.131,0.039850000000002904,16.0,11.5,2024,6,Miami Grand Prix,Sprint
GAS,MEDIUM,92.7998125,92.148,0.013316176470589426,16.0,11.5,2024,6,Miami Grand Prix,Sprint
BOT,MEDIUM,92.98275,92.462,0.007920588235294679,16.0,11.5,2024,6,Miami Grand Prix,Sprint
VER,MEDIUM,91.12025,90.415,0.0024088235294115797,16.0,14.5,2024,6,Miami Grand Prix,Sprint
ALO,MEDIUM,92.97757142857144,92.355,-0.025591208791204714,14.0,15.5,2024,6,Miami Grand Prix,Sprint
ALB,MEDIUM,92.908125,92.223,0.019529411764708793,16.0,11.5,2024,6,Miami Grand Prix,Sprint
MAG,MEDIUM,92.8494375,92.113,0.04660147058823233,16.0,17.5,2024,6,Miami Grand Prix,Sprint
LEC,MEDIUM,91.28687500000001,90.807,0.00567058823529614,16.0,11.5,2024,6,Miami Grand Prix,Sprint
SAI,MEDIUM,91.93743749999999,91.568,-0.013772058823526083,16.0,11.5,2024,6,Miami Grand Prix,Sprint
RUS,MEDIUM,92.9534375,92.173,0.03866323529411384,16.0,17.5,2024,6,Miami Grand Prix,Sprint
RIC,MEDIUM,91.978375,91.505,-0.015894117647056248,16.0,11.5,2024,6,Miami Grand Prix,Sprint
PIA,MEDIUM,91.939625,91.393,-0.025708823529410212,16.0,11.5,2024,6,Miami Grand Prix,Sprint
TSU,SOFT,92.70412499999999,91.844,0.010355882352944084,16.0,11.5,2024,6,Miami Grand Prix,Sprint
SAR,SOFT,92.9226875,92.192,0.04329264705882594,16.0,11.5,2024,6,Miami Grand Prix,Sprint
PER,MEDIUM,91.33612500000001,90.921,-0.04202352941176467,16.0,14.5,2024,6,Miami Grand Prix,Sprint
OCO,MEDIUM,92.9731875,92.218,-0.01841617647058434,16.0,11.5,2024,6,Miami Grand Prix,Sprint
HAM,MEDIUM,92.699375,91.83,0.008802941176467446,16.0,17.5,2024,6,Miami Grand Prix,Sprint
LEC,MEDIUM,86.23769230769231,80.023,1.9848791208791192,13.0,15.0,2024,7,Emilia Romagna Grand Prix,FP2
MAG,HARD,84.62266666666667,81.644,0.921610714285714,15.0,18.0,2024,7,Emilia Romagna Grand Prix,FP2
NOR,MEDIUM,80.84733333333332,80.369,0.0233857142857099,15.0,16.0,2024,7,Emilia Romagna Grand Prix,FP2
OCO,HARD,86.93846153846154,81.527,2.063104395604398,13.0,16.0,2024,7,Emilia Romagna Grand Prix,FP2
PER,MEDIUM,88.96055555555556,80.382,4.628400000000003,9.0,13.0,2024,7,Emilia Romagna Grand Prix,FP2
PIA,HARD,81.125,80.246,0.0328545454545466,11.0,15.0,2024,7,Emilia Romagna Grand Prix,FP2
RIC,MEDIUM,84.5948,81.253,1.1034750000000015,15.0,18.0,2024,7,Emilia Romagna Grand Prix,FP2
RUS,HARD,94.33117647058825,77.251,-0.6911122342642764,17.0,12.176470588235292,2024,7,Emilia Romagna Grand Prix,FP2
RUS,SOFT,110.266,76.311,-4.798171428571433,6.0,5.5,2024,7,Emilia Romagna Grand Prix,FP2
SAI,MEDIUM,86.39774999999999,80.719,1.9754440559440551,12.0,15.5,2024,7,Emilia Romagna Grand Prix,FP2
SAR,HARD,85.39824999999998,81.896,1.4556328671328682,12.0,12.5,2024,7,Emilia Romagna Grand Prix,FP2
STR,MEDIUM,85.78466666666667,81.149,2.3629833333333297,9.0,12.0,2024,7,Emilia Romagna Grand Prix,FP2
STR,SOFT,108.04066666666664,76.991,-5.958742857142865,6.0,5.5,2024,7,Emilia Romagna Grand Prix,FP2
TSU,MEDIUM,92.12547619047618,76.895,-0.9984443131462308,21.0,14.428571428571429,2024,7,Emilia Romagna Grand Prix,FP2
VER,MEDIUM,90.1241111111111,80.606,4.114049999999994,9.0,12.0,2024,7,Emilia Romagna Grand Prix,FP2
HUL,MEDIUM,82.08555555555556,81.391,0.0270166666666662,9.0,13.0,2024,7,Emilia Romagna Grand Prix,FP2
HAM,HARD,81.215,80.2,0.0594761904761912,8.0,13.5,2024,7,Emilia Romagna Grand Prix,FP2
GAS,HARD,90.39821428571427,78.001,-2.03799470451176,14.0,10.642857142857142,2024,7,Emilia Romagna Grand Prix,FP2
ALB,MEDIUM,87.9713,81.681,3.2763090909090917,10.0,14.5,2024,7,Emilia Romagna Grand Prix,FP2
ALO,MEDIUM,84.0290909090909,81.253,1.2443090909090897,11.0,15.0,2024,7,Emilia Romagna Grand Prix,FP2
BOT,MEDIUM,84.24381818181818,81.239,1.187527272727274,11.0,14.0,2024,7,Emilia Romagna Grand Prix,FP2
ZHO,MEDIUM,90.26780000000002,78.494,-0.9527370775347952,15.0,11.2,2024,7,Emilia Romagna Grand Prix,FP2
RIC,HARD,88.1866,73.795,0.6906303030303028,10.0,7.5,2024,8,Monaco Grand Prix,FP2
PIA,MEDIUM,77.45583333333333,74.837,0.3752797202797212,12.0,14.5,2024,8,Monaco Grand Prix,FP2
PIA,HARD,83.7775,72.95,-1.157071428571426,8.0,6.5,2024,8,Monaco Grand Prix,FP2
PER,MEDIUM,83.633125,73.385,0.2510508562532416,16.0,11.625,2024,8,Monaco Grand Prix,FP2
ZHO,MEDIUM,87.50955555555555,73.773,-0.0441189552624763,18.0,12.166666666666666,2024,8,Monaco Grand Prix,FP2
VER,HARD,85.1525625,72.723,0.1657308394160598,16.0,14.0,2024,8,Monaco Grand Prix,FP2
TSU,MEDIUM,88.13572222222223,72.349,-0.4964487039677888,18.0,12.61111111111111,2024,8,Monaco Grand Prix,FP2
TSU,HARD,85.8238,73.346,0.3269939393939404,10.0,7.5,2024,8,Monaco Grand Prix,FP2
STR,SOFT,99.6882857142857,72.062,1.5302499999999932,7.0,6.0,2024,8,Monaco Grand Prix,FP2
STR,MEDIUM,85.59244444444444,73.184,0.2738999999999958,9.0,7.0,2024,8,Monaco Grand Prix,FP2
SAR,MEDIUM,77.26060000000001,76.044,0.3366303030303035,10.0,17.5,2024,8,Monaco Grand Prix,FP2
SAI,SOFT,101.579375,71.962,-2.938892857142852,8.0,6.5,2024,8,Monaco Grand Prix,FP2
SAI,MEDIUM,87.6928125,72.738,0.1289442138038401,16.0,15.625,2024,8,Monaco Grand Prix,FP2
RUS,SOFT,88.94528571428573,72.26,2.256464285714285,7.0,11.0,2024,8,Monaco Grand Prix,FP2
RUS,MEDIUM,84.34112499999999,73.249,0.5642738095238118,8.0,6.5,2024,8,Monaco Grand Prix,FP2
RIC,MEDIUM,86.017,72.577,-0.0495797191243309,19.0,13.157894736842104,2024,8,Monaco Grand Prix,FP2
HAM,MEDIUM,83.93605263157895,72.53,-0.9795066392881592,19.0,13.052631578947368,2024,8,Monaco Grand Prix,FP2
GAS,SOFT,90.62722222222222,72.75,0.1663499999999954,9.0,7.0,2024,8,Monaco Grand Prix,FP2
HUL,SOFT,88.17625000000001,72.569,-1.04104761904762,8.0,6.5,2024,8,Monaco Grand Prix,FP2
LEC,MEDIUM,82.6201052631579,71.573,0.4080746064339503,19.0,13.052631578947368,2024,8,Monaco Grand Prix,FP2
MAG,MEDIUM,83.199,73.729,1.4501071428571404,7.0,6.0,2024,8,Monaco Grand Prix,FP2
MAG,SOFT,86.21118750000001,72.473,-0.3310816115702503,16.0,11.5,2024,8,Monaco Grand Prix,FP2
NOR,MEDIUM,79.61866666666668,73.031,-0.3804140327090944,18.0,12.72222222222222,2024,8,Monaco Grand Prix,FP2
NOR,SOFT,90.06783333333334,71.953,5.871914285714281,6.0,8.5,2024,8,Monaco Grand Prix,FP2
OCO,MEDIUM,80.50766666666667,73.567,1.0028882699868953,15.0,10.933333333333334,2024,8,Monaco Grand Prix,FP2
HUL,MEDIUM,76.55900000000001,75.413,0.1665166666666662,9.0,14.0,2024,8,Monaco Grand Prix,FP2
ALB,MEDIUM,82.47045454545454,73.463,0.0530466589632219,22.0,14.681818181818182,2024,8,Monaco Grand Prix,FP2
ALB,SOFT,91.9165,72.257,-0.0126000000000064,6.0,5.5,2024,8,Monaco Grand Prix,FP2
ALO,MEDIUM,83.3318,73.015,0.2887362936112373,20.0,13.6,2024,8,Monaco Grand Prix,FP2
BOT,MEDIUM,87.63030434782608,73.057,0.5875903330019877,23.0,8.782608695652174,2024,8,Monaco Grand Prix,FP2
GAS,MEDIUM,85.45283333333333,73.279,0.5238710678634328,18.0,12.38888888888889,2024,8,Monaco Grand Prix,FP2
OCO,SOFT,85.48318181818182,72.554,-0.3745000000000002,11.0,8.0,2024,8,Monaco Grand Prix,FP2
OCO,SOFT,82.67661538461539,77.417,-0.4734505494505458,13.0,9.0,2024,9,Canadian Grand Prix,FP2
NOR,INTERMEDIATE,96.61883333333331,84.794,2.3945734265734258,12.0,8.5,2024,9,Canadian Grand Prix,FP2
OCO,INTERMEDIATE,97.24416666666669,86.157,2.088832167832168,12.0,8.5,2024,9,Canadian Grand Prix,FP2
LEC,MEDIUM,86.15339999999999,76.556,-0.3068848484848472,10.0,7.5,2024,9,Canadian Grand Prix,FP2
HUL,INTERMEDIATE,98.995,86.712,4.575833333333338,8.0,6.5,2024,9,Canadian Grand Prix,FP2
PIA,INTERMEDIATE,96.05866666666668,85.728,2.736916666666662,9.0,7.0,2024,9,Canadian Grand Prix,FP2
MAG,SOFT,83.29599999999999,76.773,-0.9600606060606052,10.0,8.5,2024,9,Canadian Grand Prix,FP2
HAM,SOFT,84.18241666666667,76.908,0.573758741258744,12.0,10.5,2024,9,Canadian Grand Prix,FP2
GAS,SOFT,86.47966666666667,80.789,-2.1686857142857248,6.0,5.5,2024,9,Canadian Grand Prix,FP2
BOT,SOFT,83.50766666666665,77.817,0.98577142857142,6.0,5.5,2024,9,Canadian Grand Prix,FP2
ALB,SOFT,82.526625,76.977,0.7077023809523835,8.0,6.5,2024,9,Canadian Grand Prix,FP2
ALO,SOFT,83.93650000000001,75.81,0.8388811188811178,12.0,8.5,2024,9,Canadian Grand Prix,FP2
BOT,INTERMEDIATE,99.7087,85.628,1.8612545454545453,10.0,12.5,2024,9,Canadian Grand Prix,FP2
GAS,INTERMEDIATE,94.26036363636364,86.541,2.232445454545453,11.0,11.0,2024,9,Canadian Grand Prix,FP2
PER,INTERMEDIATE,98.511625,85.769,3.57741666666668,8.0,11.5,2024,9,Canadian Grand Prix,FP2
STR,SOFT,82.2423,76.464,-0.3965757575757563,10.0,7.5,2024,9,Canadian Grand Prix,FP2
TSU,INTERMEDIATE,95.6282,85.009,2.744957575757575,10.0,11.5,2024,9,Canadian Grand Prix,FP2
RIC,INTERMEDIATE,95.15200000000002,85.509,2.2498545454545464,10.0,11.5,2024,9,Canadian Grand Prix,FP2
RUS,SOFT,82.46016666666667,76.273,2.125857142857149,6.0,9.5,2024,9,Canadian Grand Prix,FP2
SAI,INTERMEDIATE,98.0775,85.423,4.128903030303034,10.0,12.5,2024,9,Canadian Grand Prix,FP2
SAI,MEDIUM,85.82216666666666,77.722,0.2789160839160857,12.0,8.5,2024,9,Canadian Grand Prix,FP2
SAR,SOFT,82.11877777777778,77.496,0.0745666666666613,9.0,7.0,2024,9,Canadian Grand Prix,FP2
ZHO,INTERMEDIATE,101.187375,87.468,4.635869047619051,8.0,6.5,2024,9,Canadian Grand Prix,FP2
STR,INTERMEDIATE,101.8675,86.444,7.751057142857138,6.0,11.5,2024,9,Canadian Grand Prix,FP2
HAM,SOFT,85.1725,79.835,2.1609300699300693,12.0,13.5,2024,10,Spanish Grand Prix,FP2
BOT,MEDIUM,83.14307142857142,80.123,0.7104417582417603,14.0,15.5,2024,10,Spanish Grand Prix,FP2
HUL,MEDIUM,81.33091666666667,80.628,0.0577307692307674,12.0,13.5,2024,10,Spanish Grand Prix,FP2
ALB,SOFT,85.33235714285713,80.957,1.507272527472527,14.0,14.5,2024,10,Spanish Grand Prix,FP2
ALO,MEDIUM,81.7492,80.979,0.0576484848484845,10.0,13.5,2024,10,Spanish Grand Prix,FP2
GAS,MEDIUM,83.16210000000001,80.534,1.2252666666666694,10.0,15.5,2024,10,Spanish Grand Prix,FP2
ALB,HARD,97.41666666666669,76.272,-2.4349714285714352,6.0,5.5,2024,10,Spanish Grand Prix,FP2
VER,MEDIUM,80.50550000000001,79.421,0.3209393939393939,10.0,12.5,2024,10,Spanish Grand Prix,FP2
TSU,SOFT,83.39800000000001,81.306,0.4914926470588216,17.0,13.0,2024,10,Spanish Grand Prix,FP2
TSU,MEDIUM,107.1275,75.692,-6.858371428571439,6.0,5.5,2024,10,Spanish Grand Prix,FP2
STR,SOFT,86.00527272727274,80.518,2.2156090909090915,11.0,13.0,2024,10,Spanish Grand Prix,FP2
SAR,HARD,84.0676875,80.628,0.9919514705882352,16.0,16.5,2024,10,Spanish Grand Prix,FP2
SAI,SOFT,81.02708333333335,79.753,0.1824930069930088,12.0,10.5,2024,10,Spanish Grand Prix,FP2
PIA,SOFT,80.05209090909092,78.947,0.23199090909091,11.0,10.0,2024,10,Spanish Grand Prix,FP2
RIC,MEDIUM,81.50663636363637,80.785,0.0039909090909081,11.0,15.0,2024,10,Spanish Grand Prix,FP2
VER,SOFT,87.77550000000001,79.167,7.158485714285712,6.0,7.5,2024,10,Spanish Grand Prix,FP2
ZHO,HARD,94.37766666666666,76.136,-2.652571428571433,6.0,5.5,2024,10,Spanish Grand Prix,FP2
LEC,SOFT,86.87914285714285,79.822,4.424249999999997,7.0,11.0,2024,10,Spanish Grand Prix,FP2
MAG,SOFT,84.66686666666666,80.545,1.3358571428571402,15.0,15.0,2024,10,Spanish Grand Prix,FP2
NOR,SOFT,80.16799999999999,79.773,-0.0020329670329646,13.0,11.0,2024,10,Spanish Grand Prix,FP2
OCO,MEDIUM,111.123,75.106,-5.655942857142866,6.0,5.5,2024,10,Spanish Grand Prix,FP2
OCO,SOFT,86.06991666666669,80.18,1.5570594405594418,12.0,14.5,2024,10,Spanish Grand Prix,FP2
PER,MEDIUM,86.45150000000001,79.951,2.989884848484849,10.0,14.5,2024,10,Spanish Grand Prix,FP2
ZHO,MEDIUM,71.54822727272727,70.613,0.05263184641445451,22.0,12.5,2024,11,Austrian Grand Prix,Sprint
VER,MEDIUM,69.51313636363636,69.013,0.0423416149068328,22.0,17.5,2024,11,Austrian Grand Prix,Sprint
TSU,MEDIUM,70.8478181818182,70.363,0.02091247882552096,22.0,15.5,2024,11,Austrian Grand Prix,Sprint
STR,MEDIUM,70.64500000000001,70.26,0.042066629023148894,22.0,15.5,2024,11,Austrian Grand Prix,Sprint
SAR,MEDIUM,71.18649999999998,70.488,0.0515612648221324,22.0,15.5,2024,11,Austrian Grand Prix,Sprint
SAI,MEDIUM,69.86745454545454,69.121,0.04354376058723736,22.0,15.5,2024,11,Austrian Grand Prix,Sprint
HAM,MEDIUM,69.8811818181818,69.265,0.046333145115751824,22.0,16.5,2024,11,Austrian Grand Prix,Sprint
HUL,MEDIUM,70.94486363636362,70.512,0.02582778091473648,22.0,18.5,2024,11,Austrian Grand Prix,Sprint
LEC,MEDIUM,69.967,69.352,0.04501637492941769,22.0,16.5,2024,11,Austrian Grand Prix,Sprint
MAG,MEDIUM,70.39845454545456,69.942,0.01327724449463467,22.0,15.5,2024,11,Austrian Grand Prix,Sprint
NOR,MEDIUM,69.71477272727272,68.935,0.0490463015245617,22.0,16.5,2024,11,Austrian Grand Prix,Sprint
OCO,MEDIUM,70.69218181818184,70.254,0.026211180124222584,22.0,18.5,2024,11,Austrian Grand Prix,Sprint
PER,MEDIUM,70.12527272727273,69.42,0.040717108977976466,22.0,18.5,2024,11,Austrian Grand Prix,Sprint
PIA,MEDIUM,69.64545454545454,68.98,0.06718012422360078,22.0,15.5,2024,11,Austrian Grand Prix,Sprint
RIC,MEDIUM,70.96054545454545,70.48,0.01727837380011169,22.0,18.5,2024,11,Austrian Grand Prix,Sprint
RUS,MEDIUM,69.7705,69.194,0.04471089779785274,22.0,15.5,2024,11,Austrian Grand Prix,Sprint
ALO,MEDIUM,71.18109090909091,70.393,0.08694297007340394,22.0,18.5,2024,11,Austrian Grand Prix,Sprint
ALB,MEDIUM,71.09709090909092,70.562,0.01601919819310876,22.0,18.5,2024,11,Austrian Grand Prix,Sprint
BOT,MEDIUM,71.26913636363635,70.59,0.047697910784866536,22.0,12.5,2024,11,Austrian Grand Prix,Sprint
GAS,MEDIUM,70.67563636363636,70.168,0.02809937888198551,22.0,15.5,2024,11,Austrian Grand Prix,Sprint
ZHO,MEDIUM,94.05716666666667,93.538,0.1876285714285621,6.0,10.5,2024,12,British Grand Prix,FP2
VER,MEDIUM,93.01190909090909,91.673,0.0349454545454557,11.0,10.0,2024,12,British Grand Prix,FP2
TSU,MEDIUM,103.83458333333334,88.589,-2.304341409691632,12.0,9.5,2024,12,British Grand Prix,FP2
STR,SOFT,93.349,92.991,0.1809714285714286,6.0,10.5,2024,12,British Grand Prix,FP2
LEC,MEDIUM,92.55855555555554,91.961,0.1487000000000005,9.0,14.0,2024,12,British Grand Prix,FP2
PIA,SOFT,92.42183333333332,91.859,0.3046571428571465,6.0,7.5,2024,12,British Grand Prix,FP2
NOR,MEDIUM,100.4085,87.85,-1.6481561732056618,18.0,12.72222222222222,2024,12,British Grand Prix,FP2
MAG,MEDIUM,118.54966666666668,89.095,-5.832685714285724,6.0,5.5,2024,12,British Grand Prix,FP2
SAI,MEDIUM,94.52533333333334,92.228,0.9417142857142904,6.0,14.5,2024,12,British Grand Prix,FP2
SAR,MEDIUM,93.49066666666666,93.269,0.0089499999999991,9.0,13.0,2024,12,British Grand Prix,FP2
RUS,SOFT,92.434875,91.928,0.2007499999999977,8.0,8.5,2024,12,British Grand Prix,FP2
RIC,SOFT,93.84028571428571,93.286,0.2412499999999995,7.0,8.0,2024,12,British Grand Prix,FP2
GAS,MEDIUM,113.49625,88.473,-1.33940476190476,8.0,7.5,2024,12,British Grand Prix,FP2
HAM,SOFT,92.781625,91.789,0.2807261904761847,8.0,9.5,2024,12,British Grand Prix,FP2
ALB,MEDIUM,93.2579090909091,92.497,-0.0748727272727284,11.0,14.0,2024,12,British Grand Prix,FP2
ALO,MEDIUM,93.34390909090912,92.87,0.0221909090909075,11.0,14.0,2024,12,British Grand Prix,FP2
HUL,SOFT,93.28157142857144,92.658,0.1759642857142841,7.0,10.0,2024,12,British Grand Prix,FP2
HUL,HARD,111.812,89.127,1.905999999999994,6.0,5.5,2024,12,British Grand Prix,FP2
OCO,MEDIUM,93.56025,84.379,5.381333333333326,8.0,14.5,2024,13,Hungarian Grand Prix,FP2
GAS,MEDIUM,89.26628571428571,83.627,3.711392857142861,7.0,14.0,2024,13,Hungarian Grand Prix,FP2
HAM,SOFT,90.2517,84.618,2.944187878787877,10.0,9.5,2024,13,Hungarian Grand Prix,FP2
ALO,MEDIUM,90.3517,85.148,2.7468424242424256,10.0,12.5,2024,13,Hungarian Grand Prix,FP2
BOT,MEDIUM,93.13042857142857,83.915,6.112714285714285,7.0,14.0,2024,13,Hungarian Grand Prix,FP2
HUL,MEDIUM,92.858,84.85,4.96280952380952,8.0,14.5,2024,13,Hungarian Grand Prix,FP2
PER,MEDIUM,92.084875,83.321,5.351654761904767,8.0,13.5,2024,13,Hungarian Grand Prix,FP2
RIC,MEDIUM,90.2498,84.345,3.040036363636365,10.0,11.5,2024,13,Hungarian Grand Prix,FP2
SAI,MEDIUM,89.53425,83.965,2.19722027972028,12.0,13.5,2024,13,Hungarian Grand Prix,FP2
RUS,MEDIUM,85.6031111111111,83.848,-0.1823666666666669,9.0,11.0,2024,13,Hungarian Grand Prix,FP2
ZHO,MEDIUM,90.99316666666664,84.729,2.4080839160839163,12.0,16.5,2024,13,Hungarian Grand Prix,FP2
STR,SOFT,90.61833333333333,84.714,3.234966666666665,9.0,11.0,2024,13,Hungarian Grand Prix,FP2
VER,MEDIUM,87.96044444444445,84.005,1.902583333333332,9.0,12.0,2024,13,Hungarian Grand Prix,FP2
STR,MEDIUM,116.96016666666668,79.954,-4.113742857142864,6.0,5.5,2024,13,Hungarian Grand Prix,FP2
SAR,MEDIUM,88.94239999999999,84.641,2.125454545454546,10.0,12.5,2024,13,Hungarian Grand Prix,FP2
MAG,MEDIUM,87.64618181818182,83.721,1.5567545454545426,11.0,15.0,2024,13,Hungarian Grand Prix,FP2
NOR,HARD,84.14574999999999,83.719,0.1116904761904769,8.0,12.5,2024,13,Hungarian Grand Prix,FP2
ALB,MEDIUM,88.43954545454545,84.036,1.992036363636364,11.0,13.0,2024,13,Hungarian Grand Prix,FP2
OCO,MEDIUM,110.227,109.1,0.2554833333333343,9.0,13.0,2024,14,Belgian Grand Prix,FP2
NOR,SOFT,112.19266666666664,107.971,2.7031999999999976,6.0,10.5,2024,14,Belgian Grand Prix,FP2
MAG,SOFT,113.81711111111112,110.186,1.780449999999998,9.0,11.0,2024,14,Belgian Grand Prix,FP2
ZHO,SOFT,113.86522222222224,110.838,1.63073333333333,9.0,11.0,2024,14,Belgian Grand Prix,FP2
PER,MEDIUM,110.2475,109.025,0.2256503496503475,12.0,13.5,2024,14,Belgian Grand Prix,FP2
STR,MEDIUM,113.84311111111111,109.761,1.9720999999999995,9.0,12.0,2024,14,Belgian Grand Prix,FP2
VER,MEDIUM,109.5535,108.316,0.3830238095238134,8.0,11.5,2024,14,Belgian Grand Prix,FP2
TSU,MEDIUM,114.06963636363638,110.41,1.3358454545454554,11.0,14.0,2024,14,Belgian Grand Prix,FP2
SAI,MEDIUM,109.8292222222222,108.962,0.2048333333333343,9.0,11.0,2024,14,Belgian Grand Prix,FP2
RUS,MEDIUM,110.68200000000002,109.776,0.1555545454545474,11.0,12.0,2024,14,Belgian Grand Prix,FP2
PIA,MEDIUM,109.200875,108.798,0.1074166666666623,8.0,8.5,2024,14,Belgian Grand Prix,FP2
LEC,SOFT,110.61957142857143,109.525,0.2471785714285686,7.0,8.0,2024,14,Belgian Grand Prix,FP2
HUL,HARD,114.0916,110.293,1.848484848484848,10.0,10.5,2024,14,Belgian Grand Prix,FP2
HAM,SOFT,110.80333333333334,109.143,0.4978666666666713,9.0,11.0,2024,14,Belgian Grand Prix,FP2
ALO,MEDIUM,113.7165,109.043,2.361880952380952,8.0,12.5,2024,14,Belgian Grand Prix,FP2
BOT,MEDIUM,113.8228,109.505,1.6549212121212118,10.0,12.5,2024,14,Belgian Grand Prix,FP2
ALB,MEDIUM,110.4718888888889,109.496,-0.0350666666666649,9.0,11.0,2024,14,Belgian Grand Prix,FP2
NOR,SOFT,79.480875,74.75,2.6352738095238086,8.0,10.5,2024,15,Dutch Grand Prix,FP2
OCO,MEDIUM,94.28483333333334,73.313,-3.028085714285723,6.0,5.5,2024,15,Dutch Grand Prix,FP2
VER,SOFT,79.29554545454545,75.051,1.7001181818181808,11.0,10.0,2024,15,Dutch Grand Prix,FP2
STR,SOFT,77.0708,76.263,0.2193212121212113,10.0,12.5,2024,15,Dutch Grand Prix,FP2
STR,MEDIUM,95.87566666666665,72.492,-3.258114285714292,6.0,5.5,2024,15,Dutch Grand Prix,FP2
PER,MEDIUM,80.715,76.21,1.556357142857144,13.0,17.0,2024,15,Dutch Grand Prix,FP2
OCO,SOFT,77.35686666666666,76.15,0.1642214285714268,15.0,15.0,2024,15,Dutch Grand Prix,FP2
SAR,MEDIUM,80.79592307692307,75.844,1.592054945054945,13.0,15.0,2024,15,Dutch Grand Prix,FP2
RUS,SOFT,78.40158333333332,75.245,1.2868566433566475,12.0,10.5,2024,15,Dutch Grand Prix,FP2
RIC,SOFT,77.12346153846154,75.82,0.1702637362637361,13.0,13.0,2024,15,Dutch Grand Prix,FP2
RIC,MEDIUM,94.27642857142855,73.385,-3.517000000000004,7.0,6.0,2024,15,Dutch Grand Prix,FP2
PIA,SOFT,76.1664,75.506,0.0433454545454575,10.0,11.5,2024,15,Dutch Grand Prix,FP2
PIA,MEDIUM,82.33966666666667,75.198,3.5431428571428567,6.0,12.5,2024,15,Dutch Grand Prix,FP2
HAM,MEDIUM,77.08683333333333,75.745,-0.2797428571428519,6.0,13.5,2024,15,Dutch Grand Prix,FP2
GAS,HARD,83.25090476190476,72.952,-0.0509429837518468,21.0,14.428571428571429,2024,15,Dutch Grand Prix,FP2
MAG,HARD,103.28283333333331,73.347,-5.911000000000009,6.0,5.5,2024,15,Dutch Grand Prix,FP2
LEC,MEDIUM,81.70566666666667,75.646,1.873017857142858,15.0,18.0,2024,15,Dutch Grand Prix,FP2
NOR,MEDIUM,75.5569,75.253,0.0040787878787885,10.0,13.5,2024,15,Dutch Grand Prix,FP2
MAG,SOFT,81.643125,76.584,1.5937558823529423,16.0,15.5,2024,15,Dutch Grand Prix,FP2
BOT,SOFT,79.76125,76.648,0.7593811188811191,12.0,15.5,2024,15,Dutch Grand Prix,FP2
ALO,SOFT,76.89399999999999,76.245,0.0665666666666669,9.0,12.0,2024,15,Dutch Grand Prix,FP2
ALO,MEDIUM,97.25157142857142,72.384,1.688607142857142,7.0,6.0,2024,15,Dutch Grand Prix,FP2
ALB,HARD,79.41906666666667,75.867,1.1674214285714266,15.0,17.0,2024,15,Dutch Grand Prix,FP2
VER,MEDIUM,76.52300000000001,75.754,0.1440500000000001,9.0,12.0,2024,15,Dutch Grand Prix,FP2
TSU,HARD,83.42025,72.597,-0.6596416803953865,20.0,13.9,2024,15,Dutch Grand Prix,FP2
ZHO,MEDIUM,86.27725000000001,73.622,-0.1710949635208281,20.0,13.9,2024,15,Dutch Grand Prix,FP2
LEC,MEDIUM,89.52266666666668,84.604,1.955489510489511,12.0,15.5,2024,16,Italian Grand Prix,FP2
NOR,MEDIUM,89.66416666666667,84.741,1.8141608391608404,12.0,10.5,2024,16,Italian Grand Prix,FP2
STR,MEDIUM,86.18785714285715,85.885,0.1539285714285662,7.0,11.0,2024,16,Italian Grand Prix,FP2
SAI,MEDIUM,85.99775,84.946,0.1938571428571444,8.0,14.5,2024,16,Italian Grand Prix,FP2
PER,MEDIUM,91.06916666666667,84.553,4.980028571428571,6.0,7.5,2024,16,Italian Grand Prix,FP2
PIA,MEDIUM,85.50659999999999,84.771,0.0901575757575771,10.0,9.5,2024,16,Italian Grand Prix,FP2
ZHO,MEDIUM,92.53018181818182,86.962,2.0548909090909047,11.0,15.0,2024,16,Italian Grand Prix,FP2
VER,MEDIUM,89.18084615384615,84.765,1.5670219780219778,13.0,13.0,2024,16,Italian Grand Prix,FP2
RIC,SOFT,86.57783333333333,85.897,0.4219142857142844,6.0,10.5,2024,16,Italian Grand Prix,FP2
RUS,MEDIUM,84.95533333333333,84.218,-0.1833714285714284,6.0,10.5,2024,16,Italian Grand Prix,FP2
COL,SOFT,92.88716666666666,84.16,6.806657142857137,6.0,10.5,2024,16,Italian Grand Prix,FP2
HAM,MEDIUM,90.98766666666668,84.11,2.3049230769230773,12.0,10.5,2024,16,Italian Grand Prix,FP2
ALO,MEDIUM,86.20725,85.76,0.1145000000000042,8.0,11.5,2024,16,Italian Grand Prix,FP2
BOT,MEDIUM,89.1049,85.674,1.4339575757575758,10.0,13.5,2024,16,Italian Grand Prix,FP2
GAS,MEDIUM,117.0572857142857,81.819,-2.266500000000012,7.0,6.0,2024,16,Italian Grand Prix,FP2
ALB,MEDIUM,88.58836363636362,85.242,1.4194818181818176,11.0,15.0,2024,16,Italian Grand Prix,FP2
HUL,MEDIUM,85.99837500000001,85.411,0.1521071428571445,8.0,11.5,2024,16,Italian Grand Prix,FP2
BOT,MEDIUM,116.07018181818184,110.628,1.846672727272725,11.0,14.0,2024,17,Azerbaijan Grand Prix,FP2
ALO,MEDIUM,111.81816666666668,109.262,0.0901958041958058,12.0,14.5,2024,17,Azerbaijan Grand Prix,FP2
GAS,MEDIUM,114.42625,109.421,2.8660476190476247,8.0,11.5,2024,17,Azerbaijan Grand Prix,FP2
RIC,MEDIUM,111.97572727272728,110.586,0.3074636363636358,11.0,14.0,2024,17,Azerbaijan Grand Prix,FP2
RUS,HARD,108.66033333333333,107.457,0.1482666666666635,9.0,7.0,2024,17,Azerbaijan Grand Prix,FP2
NOR,MEDIUM,109.51816666666669,108.907,0.2192285714285649,6.0,10.5,2024,17,Azerbaijan Grand Prix,FP2
ALB,MEDIUM,110.90222222222222,109.677,-0.1927499999999982,9.0,13.0,2024,17,Azerbaijan Grand Prix,FP2
PER,MEDIUM,109.52488888888888,108.485,0.2231833333333317,9.0,14.0,2024,17,Azerbaijan Grand Prix,FP2
BEA,MEDIUM,113.89654545454546,110.161,1.6587454545454523,11.0,13.0,2024,17,Azerbaijan Grand Prix,FP2
VER,MEDIUM,111.12266666666667,108.792,0.0596000000000018,9.0,12.0,2024,17,Azerbaijan Grand Prix,FP2
STR,MEDIUM,120.54825,109.834,3.42197619047619,8.0,13.5,2024,17,Azerbaijan Grand Prix,FP2
SAI,MEDIUM,114.22711111111111,108.112,-0.1752000000000022,9.0,13.0,2024,17,Azerbaijan Grand Prix,FP2
HUL,MEDIUM,116.68636363636364,110.886,1.4078000000000035,11.0,12.0,2024,17,Azerbaijan Grand Prix,FP2
COL,MEDIUM,111.3154,109.383,0.5978424242424245,10.0,12.5,2024,17,Azerbaijan Grand Prix,FP2
TSU,MEDIUM,111.21163636363634,109.945,-0.1625272727272669,11.0,12.0,2024,17,Azerbaijan Grand Prix,FP2
OCO,MEDIUM,111.5855,109.617,-0.3887714285714245,6.0,11.5,2024,17,Azerbaijan Grand Prix,FP2
PIA,MEDIUM,109.6228,108.507,0.0649696969696939,10.0,12.5,2024,17,Azerbaijan Grand Prix,FP2
ALO,SOFT,104.25377777777776,97.774,2.9619999999999984,9.0,12.0,2024,18,Singapore Grand Prix,FP2
HUL,MEDIUM,103.05525,97.955,1.81538111888112,12.0,14.5,2024,18,Singapore Grand Prix,FP2
LEC,MEDIUM,102.30254545454544,97.136,2.1035545454545472,11.0,16.0,2024,18,Singapore Grand Prix,FP2
ALB,MEDIUM,98.4425,97.554,0.1809047619047617,8.0,12.5,2024,18,Singapore Grand Prix,FP2
BOT,HARD,104.9267,99.111,2.1047212121212118,10.0,13.5,2024,18,Singapore Grand Prix,FP2
NOR,SOFT,97.6212857142857,96.747,0.336535714285711,7.0,12.0,2024,18,Singapore Grand Prix,FP2
SAI,MEDIUM,103.39533333333333,96.866,2.7713,9.0,16.0,2024,18,Singapore Grand Prix,FP2
COL,HARD,103.5133,96.929,2.4577515151515144,10.0,13.5,2024,18,Singapore Grand Prix,FP2
HAM,MEDIUM,103.6440909090909,97.067,2.188436363636361,11.0,15.0,2024,18,Singapore Grand Prix,FP2
RUS,MEDIUM,100.1721,97.528,0.3880545454545485,10.0,14.5,2024,18,Singapore Grand Prix,FP2
TSU,HARD,102.67341666666664,98.441,1.374465034965033,12.0,15.5,2024,18,Singapore Grand Prix,FP2
STR,MEDIUM,105.32014285714286,98.384,4.43589285714286,7.0,14.0,2024,18,Singapore Grand Prix,FP2
VER,HARD,103.71744444444444,97.215,2.977566666666667,9.0,12.0,2024,18,Singapore Grand Prix,FP2
PER,HARD,103.51566666666666,98.356,2.340583333333334,9.0,14.0,2024,18,Singapore Grand Prix,FP2
MAG,SOFT,102.9670909090909,98.572,1.9592363636363648,11.0,13.0,2024,18,Singapore Grand Prix,FP2
GAS,MEDIUM,101.53916666666667,97.23,1.7182657342657357,12.0,14.5,2024,18,Singapore Grand Prix,FP2
OCO,HARD,104.45066666666666,97.904,2.4462307692307688,12.0,14.5,2024,18,Singapore Grand Prix,FP2
PIA,MEDIUM,107.53666666666668,97.392,7.050171428571408,6.0,17.5,2024,18,Singapore Grand Prix,FP2
ZHO,MEDIUM,104.38144444444444,98.273,3.1676833333333385,9.0,14.0,2024,18,Singapore Grand Prix,FP2
RIC,MEDIUM,104.44907692307692,97.944,1.9801428571428563,13.0,14.0,2024,18,Singapore Grand Prix,FP2
RUS,MEDIUM,98.95655555555555,98.192,0.03126109391124746,18.0,15.5,2024,19,United States Grand Prix,Sprint
HUL,MEDIUM,99.36311111111111,98.746,-0.050222910216719145,18.0,15.5,2024,19,United States Grand Prix,Sprint
PIA,MEDIUM,99.53833333333334,97.567,-0.11319917440660657,18.0,10.5,2024,19,United States Grand Prix,Sprint
LAW,MEDIUM,100.15833333333335,99.237,-0.058049535603711844,18.0,13.5,2024,19,United States Grand Prix,Sprint
LEC,MEDIUM,98.42977777777777,97.748,-0.012557275541791651,18.0,13.5,2024,19,United States Grand Prix,Sprint
MAG,MEDIUM,99.3537777777778,98.602,-0.029411764705882734,18.0,15.5,2024,19,United States Grand Prix,Sprint
NOR,MEDIUM,98.47894444444445,98.045,0.026448916408668623,18.0,15.5,2024,19,United States Grand Prix,Sprint
OCO,MEDIUM,100.04133333333334,98.835,-0.04456965944272461,18.0,10.5,2024,19,United States Grand Prix,Sprint
PER,MEDIUM,99.51894444444444,98.452,-0.08462229102166961,18.0,13.5,2024,19,United States Grand Prix,Sprint
SAI,MEDIUM,98.23577777777776,97.552,-0.03983900928792273,18.0,13.5,2024,19,United States Grand Prix,Sprint
VER,MEDIUM,98.1853888888889,97.463,-0.030428276573785613,18.0,13.5,2024,19,United States Grand Prix,Sprint
ZHO,MEDIUM,100.536,99.705,-0.07212590299277698,18.0,10.5,2024,19,United States Grand Prix,Sprint
ALB,MEDIUM,100.03450000000001,99.198,-0.09749122807017623,18.0,10.5,2024,19,United States Grand Prix,Sprint
ALO,MEDIUM,100.28722222222223,99.25,-0.08387203302373387,18.0,13.5,2024,19,United States Grand Prix,Sprint
BOT,MEDIUM,100.66388888888889,99.642,-0.013490196078431122,18.0,16.5,2024,19,United States Grand Prix,Sprint
COL,MEDIUM,100.02261111111112,99.335,-0.008872033023735121,18.0,14.5,2024,19,United States Grand Prix,Sprint
GAS,MEDIUM,100.11283333333333,99.438,-0.04831888544891315,18.0,13.5,2024,19,United States Grand Prix,Sprint
TSU,MEDIUM,100.04599999999999,99.136,0.008563467492255693,18.0,10.5,2024,19,United States Grand Prix,Sprint
HAM,MEDIUM,99.01983333333334,98.323,0.02775541795665528,18.0,14.5,2024,19,United States Grand Prix,Sprint
STR,MEDIUM,100.09794444444445,99.532,-0.02577192982455681,18.0,13.5,2024,19,United States Grand Prix,Sprint
STR,TEST_UNKNOWN,83.00545000000001,81.977,0.0811363636363632,20.0,11.5,2024,20,Mexico City Grand Prix,FP2
ALO,TEST_UNKNOWN,83.54921428571429,82.665,0.2619411764705869,14.0,10.5,2024,20,Mexico City Grand Prix,FP2
PIA,TEST_UNKNOWN,82.1165,81.444,0.0490952380952403,16.0,10.5,2024,20,Mexico City Grand Prix,FP2
PER,TEST_UNKNOWN,82.90044444444443,81.723,0.213500000000003,18.0,11.0,2024,20,Mexico City Grand Prix,FP2
OCO,TEST_UNKNOWN,82.5835625,82.023,0.1059226190476209,16.0,10.5,2024,20,Mexico City Grand Prix,FP2
TSU,TEST_UNKNOWN,82.7001875,82.13,0.0904702380952397,16.0,10.5,2024,20,Mexico City Grand Prix,FP2
BOT,TEST_UNKNOWN,83.00725,82.298,0.1809642857142853,16.0,11.5,2024,20,Mexico City Grand Prix,FP2
COL,TEST_UNKNOWN,83.299625,82.22,0.4439642857142861,16.0,10.5,2024,20,Mexico City Grand Prix,FP2
GAS,TEST_UNKNOWN,82.5265,81.64,0.1158452380952395,16.0,10.5,2024,20,Mexico City Grand Prix,FP2
HAM,TEST_UNKNOWN,82.279375,81.416,0.1776071428571448,16.0,11.5,2024,20,Mexico City Grand Prix,FP2
HUL,TEST_UNKNOWN,82.9322,82.079,0.1240181818181832,20.0,11.5,2024,20,Mexico City Grand Prix,FP2
LAW,TEST_UNKNOWN,82.77975,82.139,0.0388522727272728,16.0,10.0,2024,20,Mexico City Grand Prix,FP2
LEC,TEST_UNKNOWN,81.9627857142857,81.001,0.2204642857142828,14.0,10.0,2024,20,Mexico City Grand Prix,FP2
MAG,TEST_UNKNOWN,83.13285,81.818,-0.0901242424242417,20.0,11.5,2024,20,Mexico City Grand Prix,FP2
NOR,TEST_UNKNOWN,82.2105,81.409,0.1233571428571438,16.0,10.5,2024,20,Mexico City Grand Prix,FP2
ZHO,TEST_UNKNOWN,83.34756250000001,82.815,0.1415297619047652,16.0,10.5,2024,20,Mexico City Grand Prix,FP2
SAI,TEST_UNKNOWN,81.98479999999999,81.145,-0.027387878787877,20.0,11.5,2024,20,Mexico City Grand Prix,FP2
ALB,MEDIUM,75.12108695652172,71.692,0.34329446640316075,23.0,16.0,2024,21,São Paulo Grand Prix,Sprint
GAS,MEDIUM,74.91017391304348,72.4,0.3991304347826074,23.0,13.0,2024,21,São Paulo Grand Prix,Sprint
COL,MEDIUM,75.45217391304348,72.701,0.4042055335968366,23.0,16.0,2024,21,São Paulo Grand Prix,Sprint
BEA,MEDIUM,75.60239130434782,72.974,0.4742895256916992,23.0,19.0,2024,21,São Paulo Grand Prix,Sprint
ALO,MEDIUM,76.33017391304347,73.111,0.41547529644268844,23.0,19.0,2024,21,São Paulo Grand Prix,Sprint
NOR,MEDIUM,74.30491304347825,71.917,0.4447114624505914,23.0,16.0,2024,21,São Paulo Grand Prix,Sprint
OCO,MEDIUM,75.46,72.882,0.3865227272727281,23.0,19.0,2024,21,São Paulo Grand Prix,Sprint
LAW,MEDIUM,75.00500000000001,72.596,0.40675988142292285,23.0,13.0,2024,21,São Paulo Grand Prix,Sprint
LEC,MEDIUM,74.49656521739132,71.914,0.47750098814229286,23.0,19.0,2024,21,São Paulo Grand Prix,Sprint
HAM,MEDIUM,75.28399999999999,72.546,0.3733369565217383,23.0,20.0,2024,21,São Paulo Grand Prix,Sprint
HUL,MEDIUM,73.5643888888889,72.879,0.018211558307532336,18.0,15.5,2024,21,São Paulo Grand Prix,Sprint
BOT,MEDIUM,75.83095652173914,72.698,0.3350830039525702,23.0,19.0,2024,21,São Paulo Grand Prix,Sprint
TSU,MEDIUM,75.7264347826087,72.838,0.3606156126482199,23.0,16.0,2024,21,São Paulo Grand Prix,Sprint
ZHO,MEDIUM,76.04578260869565,73.559,0.4045849802371525,23.0,18.0,2024,21,São Paulo Grand Prix,Sprint
VER,MEDIUM,74.29613043478261,71.852,0.4425790513833966,23.0,16.0,2024,21,São Paulo Grand Prix,Sprint
PER,MEDIUM,74.8396956521739,71.678,0.3799624505928862,23.0,17.0,2024,21,São Paulo Grand Prix,Sprint
STR,MEDIUM,76.31604347826087,73.56,0.4185889328063255,23.0,19.0,2024,21,São Paulo Grand Prix,Sprint
RUS,MEDIUM,74.69800000000001,72.142,0.42321739130434793,23.0,19.0,2024,21,São Paulo Grand Prix,Sprint
SAI,MEDIUM,74.50208695652174,71.975,0.431702569169959,23.0,16.0,2024,21,São Paulo Grand Prix,Sprint
PIA,MEDIUM,74.35669565217391,71.783,0.4570612648221356,23.0,17.0,2024,21,São Paulo Grand Prix,Sprint
GAS,MEDIUM,105.0752777777778,95.891,-0.0548688246758759,18.0,12.72222222222222,2024,22,Las Vegas Grand Prix,FP2
SAI,MEDIUM,105.98983333333334,94.775,-0.4240036070799438,18.0,12.61111111111111,2024,22,Las Vegas Grand Prix,FP2
RUS,MEDIUM,99.3003,98.148,-0.0721999999999993,10.0,14.5,2024,22,Las Vegas Grand Prix,FP2
PIA,MEDIUM,103.1659230769231,95.819,-0.8534285714285761,13.0,11.076923076923077,2024,22,Las Vegas Grand Prix,FP2
PER,MEDIUM,99.22366666666667,98.393,-0.0397666666666677,9.0,14.0,2024,22,Las Vegas Grand Prix,FP2
OCO,MEDIUM,100.18755555555556,98.783,0.142116666666662,9.0,14.0,2024,22,Las Vegas Grand Prix,FP2
NOR,MEDIUM,101.15442857142855,98.208,0.9029285714285666,7.0,12.0,2024,22,Las Vegas Grand Prix,FP2
LEC,MEDIUM,103.3054705882353,94.476,0.6192055417700557,17.0,12.058823529411764,2024,22,Las Vegas Grand Prix,FP2
LAW,MEDIUM,105.85200000000002,99.693,3.231650000000001,9.0,14.0,2024,22,Las Vegas Grand Prix,FP2
HUL,MEDIUM,102.6297,98.806,1.7658727272727286,10.0,12.5,2024,22,Las Vegas Grand Prix,FP2
HAM,SOFT,107.89525,98.651,4.872571428571432,8.0,12.5,2024,22,Las Vegas Grand Prix,FP2
TSU,MEDIUM,103.22333333333331,99.011,2.017983333333334,9.0,11.0,2024,22,Las Vegas Grand Prix,FP2
COL,SOFT,108.7005,95.868,2.7349428571428507,6.0,5.5,2024,22,Las Vegas Grand Prix,FP2
COL,MEDIUM,102.2885,99.205,1.2979999999999954,8.0,13.5,2024,22,Las Vegas Grand Prix,FP2
BOT,MEDIUM,105.341,99.34,2.965766666666669,9.0,14.0,2024,22,Las Vegas Grand Prix,FP2
ALO,SOFT,111.04433333333331,95.44,-0.3646285714285763,6.0,5.5,2024,22,Las Vegas Grand Prix,FP2
ALO,MEDIUM,104.788375,100.999,1.7899166666666664,8.0,11.5,2024,22,Las Vegas Grand Prix,FP2
STR,MEDIUM,101.64185714285712,99.561,-0.410142857142853,7.0,12.0,2024,22,Las Vegas Grand Prix,FP2
ZHO,MEDIUM,109.03293333333332,97.639,-0.8869403578528837,15.0,11.2,2024,22,Las Vegas Grand Prix,FP2
VER,MEDIUM,105.64235294117644,95.834,0.106136515214671,17.0,12.176470588235292,2024,22,Las Vegas Grand Prix,FP2
SAI,MEDIUM,85.22405555555555,84.405,-0.10721259029927284,18.0,11.5,2024,23,Qatar Grand Prix,Sprint
STR,MEDIUM,86.22627777777778,85.369,-0.14142105263157978,18.0,16.5,2024,23,Qatar Grand Prix,Sprint
COL,nan,87.03766666666667,86.601,,3.0,,2024,23,Qatar Grand Prix,Sprint
HAM,MEDIUM,85.433,84.337,-0.09962229102167244,18.0,16.5,2024,23,Qatar Grand Prix,Sprint
GAS,MEDIUM,85.80583333333334,84.93,-0.12372239422084366,18.0,17.5,2024,23,Qatar Grand Prix,Sprint
ALO,MEDIUM,86.01227777777777,84.281,-0.15187925696594567,18.0,16.5,2024,23,Qatar Grand Prix,Sprint
ALB,MEDIUM,86.66366666666666,85.443,-0.12134778121775114,18.0,16.5,2024,23,Qatar Grand Prix,Sprint
BOT,nan,87.73033333333332,87.122,,3.0,,2024,23,Qatar Grand Prix,Sprint
BOT,MEDIUM,85.87393333333333,85.447,-0.07049642857143243,15.0,16.0,2024,23,Qatar Grand Prix,Sprint
COL,MEDIUM,86.2864,85.599,-0.0872071428571452,15.0,8.0,2024,23,Qatar Grand Prix,Sprint
LEC,MEDIUM,85.35,83.923,-0.10267285861712559,18.0,11.5,2024,23,Qatar Grand Prix,Sprint
LAW,MEDIUM,86.67283333333334,85.762,-0.1304922600619183,18.0,17.5,2024,23,Qatar Grand Prix,Sprint
HUL,MEDIUM,85.50172222222223,84.284,-0.13673168214654444,18.0,16.5,2024,23,Qatar Grand Prix,Sprint
PER,nan,86.36899999999999,86.185,,3.0,,2024,23,Qatar Grand Prix,Sprint
PER,MEDIUM,86.38238461538461,84.892,-0.06929829984544067,13.0,15.846153846153847,2024,23,Qatar Grand Prix,Sprint
VER,MEDIUM,85.54122222222222,84.577,-0.14078844169246735,18.0,18.5,2024,23,Qatar Grand Prix,Sprint
TSU,MEDIUM,86.66333333333333,85.838,-0.13223942208462286,18.0,17.5,2024,23,Qatar Grand Prix,Sprint
ZHO,SOFT,88.462875,87.435,0.3198452380952336,8.0,5.5,2024,23,Qatar Grand Prix,Sprint
ZHO,MEDIUM,85.714875,85.051,-0.10708333333333261,8.0,13.5,2024,23,Qatar Grand Prix,Sprint
RUS,MEDIUM,85.23011111111113,84.38,-0.10938286893704752,18.0,14.5,2024,23,Qatar Grand Prix,Sprint
PIA,MEDIUM,85.23505555555555,84.454,-0.1029979360165138,18.0,15.5,2024,23,Qatar Grand Prix,Sprint
MAG,MEDIUM,85.77238888888888,84.568,-0.15847574819401528,18.0,16.5,2024,23,Qatar Grand Prix,Sprint
NOR,MEDIUM,85.30338888888889,84.329,-0.08747884416924827,18.0,15.5,2024,23,Qatar Grand Prix,Sprint
OCO,MEDIUM,86.535,85.598,-0.1313044375644972,18.0,17.5,2024,23,Qatar Grand Prix,Sprint
DOO,MEDIUM,90.70366666666666,90.301,-0.1866285714285667,6.0,13.5,2024,24,Abu Dhabi Grand Prix,FP2
GAS,MEDIUM,94.5604,90.068,2.321975757575761,10.0,15.5,2024,24,Abu Dhabi Grand Prix,FP2
LAW,MEDIUM,107.90661538461538,85.447,0.3505215946843842,13.0,5.769230769230769,2024,24,Abu Dhabi Grand Prix,FP2
HUL,SOFT,94.936875,88.166,4.226273809523815,8.0,6.5,2024,24,Abu Dhabi Grand Prix,FP2
HAM,MEDIUM,95.7812222222222,89.063,3.5449666666666624,9.0,17.0,2024,24,Abu Dhabi Grand Prix,FP2
RUS,MEDIUM,89.93671428571429,89.736,-0.0001428571428646,7.0,6.0,2024,24,Abu Dhabi Grand Prix,FP2
SAI,MEDIUM,96.0108,89.478,2.748521212121219,10.0,16.5,2024,24,Abu Dhabi Grand Prix,FP2
STR,MEDIUM,104.0355882352941,85.642,-1.5213678543461246,17.0,13.058823529411764,2024,24,Abu Dhabi Grand Prix,FP2
TSU,MEDIUM,105.8025,85.155,1.2125748194014423,14.0,6.357142857142857,2024,24,Abu Dhabi Grand Prix,FP2
ZHO,MEDIUM,93.438,90.076,1.8696666666666688,8.0,6.5,2024,24,Abu Dhabi Grand Prix,FP2
VER,MEDIUM,94.87733333333334,89.507,1.8240489510489544,12.0,16.5,2024,24,Abu Dhabi Grand Prix,FP2
BOT,MEDIUM,92.331,89.383,1.5856190476190537,8.0,12.5,2024,24,Abu Dhabi Grand Prix,FP2
ALO,MEDIUM,90.31833333333331,90.002,0.185142857142849,6.0,5.5,2024,24,Abu Dhabi Grand Prix,FP2
MAG,MEDIUM,93.3581,90.061,1.591642424242425,10.0,13.5,2024,24,Abu Dhabi Grand Prix,FP2
NOR,MEDIUM,89.68471428571429,89.347,-0.0654642857142825,7.0,13.0,2024,24,Abu Dhabi Grand Prix,FP2
PER,MEDIUM,94.2285,89.113,2.172830303030306,10.0,15.5,2024,24,Abu Dhabi Grand Prix,FP2
PIA,MEDIUM,100.00946153846154,84.798,-2.3861301272984434,13.0,10.76923076923077,2024,24,Abu Dhabi Grand Prix,FP2
LEC,MEDIUM,95.23454545454544,89.658,2.1963909090909075,11.0,17.0,2024,24,Abu Dhabi Grand Prix,FP2
